{"1": 0.12268776893615722, "2": 0.00019040107727050782, "3": 7.481575012207032e-05, "4": 7.05718994140625e-05, "5": 7.638931274414062e-05, "6": 8.683204650878906e-05, "7": 9.756088256835937e-05, "8": 0.00012359619140625, "9": 0.0001559734344482422, "10": 0.00019960403442382814, "11": 0.00024657249450683595, "12": 0.0003570079803466797, "13": 0.0004494190216064453, "14": 0.0005831718444824219, "15": 0.00078582763671875, "16": 0.001000833511352539, "17": 0.0012491703033447265, "18": 0.0016726016998291015, "19": 0.001992034912109375, "20": 0.002586078643798828, "21": 0.0033464908599853517, "22": 0.003984260559082031, "23": 0.004688549041748047, "24": 0.005785989761352539, "25": 0.007140398025512695, "26": 0.008545589447021485, "27": 0.010077571868896485, "28": 0.01220240592956543, "29": 0.013470268249511719, "30": 0.01636528968811035, "31": 0.01842079162597656, "32": 0.021918535232543945, "33": 0.02555255889892578, "34": 0.029214954376220702, "35": 0.032912492752075195, "36": 0.03842549324035645, "37": 0.04494719505310059, "38": 0.049637556076049805, "39": 0.055007648468017575, "40": 0.06334681510925293, "41": 0.07078957557678223, "42": 0.08010649681091309, "43": 0.08919587135314941, "44": 0.09898943901062011, "45": 0.11142802238464355, "46": 0.12485971450805664, "47": 0.13161172866821289, "48": 0.15056605339050294, "49": 0.167036771774292, "50": 0.1836696147918701, "51": 0.2040501594543457, "52": 0.2232391357421875, "53": 0.2475273609161377, "54": 0.269105863571167, "55": 0.28585138320922854, "56": 0.32294774055480957, "57": 0.3506126403808594, "58": 0.3804685115814209, "59": 0.40763263702392577, "60": 0.44242382049560547, "61": 0.4869541645050049, "62": 0.5211554050445557, "63": 0.5647242069244385, "64": 0.6099682807922363, "65": 0.6560684680938721, "66": 0.7129137992858887, "67": 0.751989221572876, "68": 0.8245476245880127, "69": 0.8756557941436768, "70": 0.9481388568878174, "71": 0.9648809432983398, "72": 1.0817189693450928, "73": 1.1550571918487549, "74": 1.2265790939331054, "75": 1.3202099800109863, "76": 1.3968698024749755, "77": 1.4866196632385253, "78": 1.5690141201019288, "79": 1.6216003894805908, "80": 1.7720006465911866, "81": 1.9018157482147218, "82": 2.008235454559326, "83": 2.092005395889282, "84": 2.2982366561889647, "85": 2.397492218017578, "86": 2.535324048995972, "87": 2.664967918395996, "88": 2.831151580810547, "89": 2.946754550933838, "90": 3.1737010002136232, "91": 3.351452922821045, "92": 3.5311057567596436, "93": 3.7614705085754396, "94": 3.952822208404541, "95": 4.031617593765259, "96": 4.403863382339478, "97": 4.587100696563721, "98": 4.800703716278076, "99": 5.050016975402832, "100": 5.3644379615783695}