{"1": 0.12673792839050294, "2": 0.00014309883117675782, "3": 7.419586181640625e-05, "4": 7.357597351074219e-05, "5": 7.8582763671875e-05, "6": 9.059906005859375e-05, "7": 9.670257568359376e-05, "8": 0.00012421607971191406, "9": 0.0001513957977294922, "10": 0.0002056121826171875, "11": 0.0002449989318847656, "12": 0.0003585338592529297, "13": 0.0004466056823730469, "14": 0.0005911827087402344, "15": 0.0007858753204345703, "16": 0.0010049819946289062, "17": 0.0013689994812011719, "18": 0.0017094135284423829, "19": 0.0019981861114501953, "20": 0.00264129638671875, "21": 0.0033820629119873046, "22": 0.004182291030883789, "23": 0.0047302722930908205, "24": 0.005809402465820313, "25": 0.007128572463989258, "26": 0.008606243133544921, "27": 0.010085868835449218, "28": 0.01203141212463379, "29": 0.013571596145629883, "30": 0.01659541130065918, "31": 0.018362903594970705, "32": 0.021743583679199218, "33": 0.025322484970092773, "34": 0.02863283157348633, "35": 0.03291850090026856, "36": 0.03809623718261719, "37": 0.04504804611206055, "38": 0.04959340095520019, "39": 0.05518913269042969, "40": 0.06335725784301757, "41": 0.07024931907653809, "42": 0.07988395690917968, "43": 0.08914499282836914, "44": 0.09855904579162597, "45": 0.11192383766174316, "46": 0.1243471622467041, "47": 0.13183956146240233, "48": 0.15017232894897461, "49": 0.16568474769592284, "50": 0.18349533081054686, "51": 0.2037501811981201, "52": 0.22224740982055663, "53": 0.24259405136108397, "54": 0.2658885955810547, "55": 0.2809009552001953, "56": 0.3189107418060303, "57": 0.3507244110107422, "58": 0.3734457969665527, "59": 0.3940876007080078, "60": 0.43592352867126466, "61": 0.4711480140686035, "62": 0.5097774505615235, "63": 0.5437242984771729, "64": 0.6017569541931153, "65": 0.6432093143463135, "66": 0.6949731349945069, "67": 0.7390178680419922, "68": 0.8116293907165527, "69": 0.8586896896362305, "70": 0.9272625923156739, "71": 0.9481910705566406, "72": 1.0638723850250245, "73": 1.1423519134521485, "74": 1.21669282913208, "75": 1.3023698806762696, "76": 1.378139114379883, "77": 1.473042106628418, "78": 1.56930570602417, "79": 1.62425799369812, "80": 1.772725772857666, "81": 1.9028563976287842, "82": 2.007711935043335, "83": 2.0930313587188722, "84": 2.259140062332153, "85": 2.39539475440979, "86": 2.5417878150939943, "87": 2.670904350280762, "88": 2.838589811325073, "89": 2.9551201820373536, "90": 3.1824570178985594, "91": 3.3598773956298826, "92": 3.541105556488037, "93": 3.770085668563843, "94": 4.047796249389648, "95": 4.101258563995361, "96": 4.46171989440918, "97": 4.681534767150879, "98": 4.8594921112060545, "99": 5.092649936676025, "100": 5.434988689422608}